step,train_loss
5,10.098601341247559
39,9.269908905029297
78,8.352232933044434
111,7.799875259399414
146,7.293755531311035
194,7.407376766204834
220,7.1998090744018555
257,7.144647121429443
313,7.042792320251465
363,7.109395980834961
404,6.9634857177734375
443,6.986231803894043
492,6.770105838775635
538,6.774331092834473
577,6.741493225097656
615,6.603610992431641
657,6.7841901779174805
709,6.632595062255859
757,6.431763648986816
793,6.64154052734375
843,6.640949249267578
871,6.501201629638672
900,6.765480041503906
941,6.602961540222168
996,6.599495887756348
1043,6.464020729064941
1085,6.524777889251709
1116,6.434499740600586
1168,6.506909370422363
1230,6.249610900878906
1274,6.312184810638428
1329,6.3612565994262695
1357,6.390458106994629
1401,6.441389083862305
1437,6.325699806213379
1477,6.274570465087891
1521,6.2314958572387695
1589,6.38861608505249
1615,6.3787841796875
1638,6.4952592849731445
1676,6.294672012329102
1704,6.24021053314209
1752,6.410106658935547
1782,6.284846305847168
1813,6.196839332580566
1867,6.185111999511719
1907,6.238630294799805
1949,6.28127384185791
1997,6.209249019622803
2020,6.137951850891113
2053,6.29423189163208
2097,6.253884315490723
2169,6.1546735763549805
2232,6.411467552185059
2286,6.2485198974609375
2335,6.111305236816406
2391,5.975255489349365
2425,6.257359981536865
2464,6.083593845367432
2495,6.183688163757324
2542,5.980561256408691
2580,6.1690521240234375
2624,6.152149200439453
2681,5.898651123046875
2723,6.202324390411377
2800,5.961369037628174
2838,6.036924362182617
2863,5.927788734436035
2920,5.90400505065918
2953,6.049513816833496
2995,6.209115505218506
3039,5.960264205932617
3089,5.802073001861572
3144,5.744852066040039
3188,5.950824737548828
3229,5.635307788848877
3333,5.686546325683594
3368,5.9511871337890625
3405,5.9629034996032715
3442,5.942948341369629
3483,5.765310287475586
3509,6.048048496246338
3543,5.750707626342773
3603,6.076883316040039
3647,5.843535423278809
3673,5.961377143859863
3708,6.21478796005249
3723,5.973045825958252
3776,5.829740047454834
3809,5.769119739532471
3860,5.631567478179932
3899,5.81127405166626
3932,5.887821674346924
3962,5.671428680419922
3998,5.841426849365234
4034,5.701840400695801
4058,5.847995281219482
4095,5.823972702026367
4137,6.059736251831055
4175,5.742800235748291
4207,5.773531913757324
4241,5.756587505340576
4282,5.920819282531738
4328,5.970589637756348
4376,5.626361846923828
4435,5.596417427062988
4480,5.804320812225342
4528,5.8411736488342285
4574,5.636761665344238
4607,5.650312900543213
4645,5.8303704261779785
4694,5.364902019500732
4744,5.810577392578125
4774,5.618214130401611
4818,5.632345676422119
4854,6.001004219055176
4901,5.850099086761475
4940,5.5850019454956055
4980,5.747656345367432
5023,5.804978370666504
5082,5.699697494506836
5123,5.763572692871094
5184,5.622358798980713
5225,5.694727897644043
5251,5.618234157562256
5280,5.820427894592285
5329,5.675148963928223
5375,5.311204433441162
5412,5.798602104187012
5485,5.6672163009643555
5535,5.456715106964111
5565,5.789607524871826
5601,5.555047035217285
5646,5.626679420471191
5681,5.632541656494141
5740,5.399712562561035
5785,5.673993110656738
5817,5.587313652038574
5847,5.425052642822266
5887,5.643452167510986
5927,5.36724328994751
5960,5.358685493469238
5995,5.496185302734375
6046,5.678178310394287
6085,5.609481334686279
6128,5.355471134185791
6169,5.32146692276001
6215,5.592364311218262
6269,5.615139961242676
6307,5.842679023742676
6348,5.6501898765563965
6387,5.470697402954102
6423,5.495809555053711
6457,5.140183448791504
6512,5.4835710525512695
6544,5.41884708404541
6588,5.593122959136963
6616,5.410155773162842
6672,5.158572196960449
6709,5.630013465881348
6731,5.712692737579346
6777,5.710619926452637
6829,5.423728942871094
6865,5.790331840515137
6900,5.675711154937744
6954,5.524382591247559
6992,5.579401969909668
7053,5.468466758728027
7102,5.623979568481445
7139,5.316514015197754
7181,5.543891429901123
7234,5.481252193450928
7257,5.520544052124023
7320,5.589028835296631
7358,5.085580348968506
7400,5.46368932723999
7439,5.340081691741943
7482,5.270294189453125
7532,5.336471080780029
7610,5.496586799621582
7643,5.332115173339844
7681,5.504144191741943
7721,5.172947883605957
7744,5.664968490600586
7778,5.372684478759766
7828,5.3141279220581055
7869,5.2650957107543945
7909,5.620318412780762
7949,5.310633659362793
8002,5.327157974243164
8052,5.256078243255615
8079,5.148312091827393
8109,5.423453330993652
8175,5.331989288330078
8202,5.445019721984863
8233,5.294590950012207
8270,5.532847881317139
8297,5.059053897857666
8331,5.125993728637695
8379,5.363768100738525
8411,5.676549434661865
8434,5.5022735595703125
8481,5.226421356201172
8535,5.1786789894104
8596,5.265596389770508
8646,5.127654075622559
8693,5.638881683349609
8750,5.323119163513184
8785,5.205777168273926
8843,5.504508972167969
8879,5.457544803619385
8926,5.347582817077637
8968,5.34848690032959
8995,5.280453681945801
9038,5.397312164306641
9109,5.129906177520752
9131,5.724322319030762
9169,5.507330894470215
9214,5.257898330688477
9246,5.1500749588012695
9269,5.284403324127197
9331,5.765349388122559
9379,5.347650527954102
9408,5.077140808105469
9445,5.438758850097656
9493,5.186206817626953
9521,5.148224353790283
9553,5.3026204109191895
9596,5.028712749481201
9644,5.368229866027832
9680,5.304909706115723
9719,5.061480522155762
9769,5.376142978668213
9811,5.387174606323242
9833,5.036841869354248
9878,5.393328666687012
9927,5.314121246337891
9968,5.452340126037598
10006,5.139490127563477
10053,5.237277030944824
10091,5.221229553222656
10125,5.093064308166504
10160,5.217074871063232
10191,5.010076522827148
10235,5.097561836242676
10261,4.835621356964111
10291,5.137195587158203
10336,5.032713413238525
10391,5.2638373374938965
10435,5.370525360107422
10486,5.152881622314453
10537,5.240519046783447
10574,5.084990501403809
10617,4.924081802368164
10650,5.226195812225342
10678,5.214917182922363
10715,4.960926532745361
10765,4.946675777435303
10810,5.070180892944336
10856,5.084988594055176
10910,4.961242198944092
10949,5.206894874572754
11022,5.223447799682617
11051,5.120312690734863
11089,5.256250381469727
11132,5.152040481567383
11159,5.023855209350586
11197,5.059514999389648
11229,4.716098308563232
11268,4.994844436645508
11300,5.213468551635742
11370,5.14717435836792
11395,5.005197525024414
11439,4.932931423187256
11474,4.8720479011535645
11529,5.049064636230469
11560,4.851850509643555
11634,5.115858554840088
11684,4.840160369873047
11735,5.0536980628967285
11762,5.151129722595215
11805,5.202531814575195
11851,5.058232307434082
11890,5.085479736328125
11921,5.261053085327148
11942,4.955053806304932
11973,4.903069496154785
12019,5.008121490478516
12069,4.9639081954956055
12096,5.3092570304870605
12130,4.7881317138671875
12190,4.93253231048584
12242,5.175343990325928
12272,4.899744987487793
12323,4.8789825439453125
12357,4.862081050872803
12397,5.257391929626465
12435,4.866634845733643
12463,5.0219292640686035
12503,4.972267150878906
12542,4.717530250549316
12583,5.221930027008057
12613,4.969010829925537
12660,4.968042373657227
12707,4.971337795257568
12732,4.884677886962891
12780,4.837825298309326
12829,4.934732913970947
12886,5.101113319396973
12934,4.416516304016113
12970,5.033546447753906
13035,5.162186622619629
13108,4.921608924865723
13138,4.958118915557861
13186,5.120208263397217
13233,4.336089611053467
13277,4.8786702156066895
13314,4.882724761962891
13354,5.010276794433594
13398,5.202157497406006
13427,5.129158973693848
13482,5.054566860198975
13515,5.181609153747559
13579,5.164463520050049
13614,4.6352105140686035
13657,5.183365821838379
13702,4.926120281219482
13751,4.810918807983398
13778,4.629420280456543
13811,5.114015102386475
13846,4.9796366691589355
13883,4.827660083770752
13930,4.823516845703125
13969,4.813284873962402
14008,5.016027450561523
14046,4.603109836578369
14078,5.05898380279541
14123,4.766198635101318
14171,5.05751371383667
14229,5.037166595458984
14275,4.844424247741699
14320,4.846866130828857
14356,5.3506903648376465
14390,4.819067001342773
14434,4.8076372146606445
14468,5.158195972442627
14502,4.954652309417725
14544,4.98441219329834
14571,5.001814842224121
14615,4.557499408721924
14657,4.853382110595703
14699,4.916380882263184
14736,4.862235069274902
14772,4.982785224914551
14810,5.086514472961426
14864,4.985503196716309
14900,4.602061748504639
14934,4.836739540100098
14984,5.135807991027832
15026,5.009528160095215
15072,5.497859001159668
15118,4.984879493713379
15159,5.083181381225586
15195,5.183829307556152
15245,5.192237377166748
15269,4.658807277679443
15299,5.054718494415283
15330,5.059982776641846
15370,4.272099494934082
15404,4.911020755767822
15448,4.875699520111084
15482,4.690980911254883
15534,4.956012725830078
15563,4.7159743309021
15614,4.680273532867432
15686,4.914933681488037
15727,4.813872814178467
15782,4.830918312072754
15823,4.851235866546631
15862,4.70195198059082
15907,4.628191947937012
15950,4.852773666381836
15994,4.750454425811768
16026,4.937604904174805
16063,4.76565408706665
16123,4.9547929763793945
16153,4.8022942543029785
16188,4.840731620788574
16228,4.778767108917236
16260,4.71121883392334
16292,4.919065952301025
16348,4.286789894104004
16390,4.668920993804932
16418,4.485191822052002
16456,4.775657653808594
16488,4.837198257446289
16547,4.630372047424316
16583,4.9169793128967285
16626,4.797519683837891
16664,4.965211868286133
16709,4.119699954986572
16753,4.800745964050293
16786,4.923312664031982
16811,4.684928894042969
16862,4.406940937042236
16900,4.692775726318359
16933,4.52907657623291
16973,4.628501892089844
17004,4.623186111450195
17038,4.7617716789245605
17086,4.45595645904541
17115,4.871455192565918
17169,4.740058422088623
17202,4.5436296463012695
17255,5.123314380645752
17321,4.808562278747559
17367,4.706182956695557
17420,5.0140604972839355
17494,4.275941848754883
17536,4.264304161071777
17562,4.917777061462402
17613,4.716107368469238
17647,4.578793525695801
17680,4.681403160095215
17705,4.553072929382324
17753,4.5550312995910645
17819,4.811372756958008
17849,4.835743427276611
17887,4.824810028076172
17925,4.474736213684082
17966,4.470013618469238
18006,4.536408424377441
18041,4.909484386444092
18085,4.748327255249023
18124,4.8207526206970215
18168,4.632350444793701
18199,4.439284324645996
18241,4.501482009887695
18269,4.69601583480835
18333,4.807723045349121
18389,5.013404846191406
18421,4.731297969818115
18494,4.839147567749023
18528,4.511435031890869
18555,5.18165397644043
18583,4.77163553237915
18609,4.716335296630859
18664,4.575660705566406
18682,5.142172813415527
18724,4.90817928314209
18761,4.924028396606445
18811,4.656380653381348
18867,4.604458332061768
18894,5.204498767852783
18932,4.7073516845703125
18974,4.666008472442627
19020,4.703200340270996
19062,4.741837501525879
19094,4.609637260437012
19135,4.678483486175537
19203,4.461048603057861
19236,4.98095703125
19274,4.564462661743164
19328,4.67795991897583
19380,4.699578285217285
19407,4.541950225830078
19461,4.685079574584961
19504,4.581336975097656
19529,4.74666690826416
19560,4.523049354553223
19595,4.849575519561768
19644,4.5942792892456055
19698,4.8403425216674805
19726,4.712408065795898
19761,4.845983982086182
19790,4.813467502593994
19829,4.765820026397705
19878,4.304986476898193
19904,4.7903547286987305
19950,4.712240219116211
19988,4.738821029663086
20033,4.782907485961914
20074,4.78084659576416
20119,4.820006370544434
20150,4.851550579071045
20193,4.503037452697754
20247,4.5241923332214355
20283,4.670483112335205
20324,4.446872711181641
20352,4.839940071105957
20404,5.134347438812256
20444,4.837067604064941
20487,4.4649786949157715
20526,4.157234191894531
20568,4.76977014541626
20604,4.3439788818359375
20657,4.833229064941406
20684,4.475861072540283
20726,4.837070465087891
20763,4.432732582092285
20810,4.719542503356934
20876,4.637509822845459
20939,4.586499214172363
20998,4.681790351867676
21055,4.2948455810546875
21087,4.681513786315918
21133,4.7221527099609375
21168,4.234593868255615
21189,4.2846221923828125
21217,4.437793731689453
21258,4.576298236846924
21296,4.205963611602783
21323,4.237180233001709
21355,4.381008625030518
21397,4.447416305541992
21448,4.3767852783203125
21504,4.438138961791992
21531,4.46381950378418
21569,3.990109443664551
21614,4.519775390625
21668,4.518289089202881
21702,4.516762733459473
21733,4.553961277008057
21785,4.490321159362793
21822,3.9100494384765625
21867,4.693925380706787
21897,4.368382930755615
21919,4.4420166015625
21965,4.670162200927734
21995,4.234594345092773
22043,4.497106552124023
22087,4.81894588470459
22145,4.2314772605896
22175,4.393817901611328
22203,4.181794166564941
22245,4.399837017059326
22284,4.625252723693848
22316,4.494017124176025
22348,4.3337507247924805
22400,4.435129642486572
22439,4.381473064422607
22477,4.653025150299072
22506,4.706613063812256
22530,4.107878684997559
22569,4.414183616638184
22611,4.648119926452637
22651,4.036364555358887
22677,4.850616455078125
22709,4.597416877746582
22759,4.52540922164917
22806,4.345708847045898
22862,4.188817024230957
22900,4.487910747528076
22947,4.553207874298096
22986,4.8116536140441895
23034,4.945610523223877
23097,4.794633865356445
23128,4.585848331451416
23182,4.333061218261719
23232,4.466390609741211
23254,4.694629669189453
23291,4.167186737060547
23325,4.689200401306152
23363,4.53663444519043
23397,4.248728275299072
23444,4.7045769691467285
23496,4.73704195022583
23546,4.540263652801514
23607,4.4120283126831055
23672,3.8515076637268066
23713,4.3982038497924805
23746,4.396882057189941
23790,4.635026931762695
23816,4.372298240661621
23888,4.16096830368042
23929,4.518224239349365
23958,4.605957508087158
24022,4.463302135467529
24062,4.451704502105713
24130,4.838865756988525
24193,4.001751899719238
24233,4.776416778564453
24298,4.664226055145264
24338,4.7164177894592285
24404,4.709964275360107
24458,4.281581878662109
24508,4.501204490661621
24561,4.607566833496094
24607,4.4277496337890625
24656,4.628569602966309
24689,4.302433013916016
24723,4.749302864074707
24796,4.602546691894531
24843,4.49174690246582
24881,4.429052352905273
24916,4.70242977142334
24953,4.2877397537231445
24992,4.582222938537598
25029,4.261749267578125
25057,4.4415435791015625
25100,4.678632736206055
25147,4.9513678550720215
25202,4.398916244506836
25252,4.430790901184082
25298,4.352584362030029
25328,4.16672420501709
25351,4.413334846496582
25380,4.906059265136719
25409,4.408052444458008
25474,4.2901787757873535
25521,4.524664402008057
25570,4.245882987976074
25619,4.693568229675293
25657,4.3009352684021
25708,4.6231279373168945
25763,4.578886985778809
25794,4.452308654785156
25832,4.5339813232421875
25872,4.73154354095459
25893,4.2878098487854
25916,4.462889671325684
25955,4.275332450866699
25986,4.32061767578125
26031,4.257528781890869
26062,4.652371406555176
26094,4.0895843505859375
26139,4.501167297363281
26175,4.186830520629883
26194,3.9885783195495605
26243,4.500391960144043
26273,4.067738056182861
26312,3.985426425933838
26354,4.2457780838012695
26398,4.271677017211914
26463,4.165222644805908
26524,4.174423694610596
26596,3.949889898300171
26652,4.345949649810791
26695,4.252659320831299
26733,4.353032112121582
26760,4.203463554382324
26813,4.19398832321167
26867,4.435439109802246
26920,4.353949546813965
26947,4.1600470542907715
26975,4.44827938079834
27000,4.468217372894287
27057,4.267591953277588
27078,4.491786479949951
27125,4.563688278198242
27166,4.372262001037598
27211,4.400866508483887
27238,4.248856067657471
27283,4.177111625671387
27329,4.11517333984375
27383,4.27571964263916
27418,3.928218364715576
27475,4.060388088226318
27523,4.2200608253479
27574,4.420468807220459
27602,4.422605991363525
27639,4.195995330810547
27664,4.137897491455078
27703,4.384181022644043
27729,4.134584903717041
27768,4.338809013366699
27805,4.313248157501221
27859,4.364991664886475
27910,4.305312156677246
27937,4.341942310333252
27986,4.375364780426025
28024,4.396263122558594
28051,4.719247341156006
28082,4.3267107009887695
28108,4.412349224090576
28167,4.372005939483643
28206,4.060730934143066
28221,4.510014533996582
28239,4.097559928894043
28287,4.212696552276611
28344,4.126142501831055
28397,4.054983139038086
28438,4.344818592071533
28488,4.43836784362793
28538,4.500646114349365
28570,4.424876689910889
28606,4.311241149902344
28644,4.264725685119629
28686,4.095788955688477
28737,4.091996669769287
28784,4.2328901290893555
28839,4.1543121337890625
28872,4.278127670288086
28911,4.574517250061035
28941,3.7330322265625
28998,4.178586006164551
29028,3.8545703887939453
29055,3.8657498359680176
29090,4.418124675750732
29125,4.106304168701172
29195,4.158771514892578
29223,4.590035915374756
29278,4.049764633178711
29330,4.039299488067627
29369,4.25978422164917
29418,3.7132461071014404
29470,4.192200660705566
29523,3.91583251953125
29546,4.688580513000488
29589,4.695517539978027
29619,4.100018501281738
29686,4.283720970153809
29730,4.213622093200684
29768,4.135910987854004
29811,4.412237644195557
29863,4.1942548751831055
29896,4.041049003601074
29923,3.991663694381714
29974,4.207479476928711
30018,4.374753475189209
30043,4.234935283660889
30079,4.232860565185547
30133,3.748108386993408
30167,4.166001796722412
30205,4.73578405380249
30258,4.485381603240967
30319,4.400295257568359
30344,4.3643951416015625
30373,4.379106044769287
30445,4.3414812088012695
30488,4.328932762145996
30531,4.016726493835449
30599,4.425182819366455
30625,4.410372257232666
30685,4.451286315917969
30721,3.8668506145477295
30748,4.106491565704346
30782,4.529107093811035
30825,4.540596008300781
30885,3.9838855266571045
30912,4.33690881729126
30951,3.9824118614196777
30993,4.5549139976501465
31034,4.45749044418335
31095,3.8610403537750244
31120,3.9991183280944824
31159,4.3231425285339355
31191,4.062649726867676
31233,4.112479209899902
31284,4.072993278503418
31315,4.479824066162109
31346,4.035319805145264
31389,4.283347129821777
31428,3.9406075477600098
31490,3.855552911758423
31527,4.647066116333008
31554,3.9968221187591553
31590,3.7995567321777344
31616,3.8221092224121094
31654,4.216452121734619
31692,3.903176784515381
31736,4.345213890075684
31781,3.8780417442321777
31813,4.201357841491699
31856,3.847836494445801
31897,3.893763542175293
31966,4.094392776489258
32002,4.267703056335449
32039,3.8569388389587402
32067,4.199878215789795
32109,4.018457889556885
32148,3.763923168182373
32207,4.226091384887695
32244,4.263973236083984
32277,3.887394905090332
32349,3.9971394538879395
32397,4.043723106384277
32430,3.9062886238098145
32468,3.757234573364258
32503,4.254613399505615
32538,4.166271209716797
32593,4.1452250480651855
32658,4.288394927978516
32710,4.199124813079834
32743,4.149768829345703
32764,4.354043006896973
32789,3.8747634887695312
32825,3.855079412460327
32863,4.0591325759887695
32926,4.044710636138916
32963,3.455995559692383
33020,3.8196163177490234
33052,4.393376350402832
33091,4.149447917938232
33153,4.169749736785889
33185,4.342504501342773
33232,4.241885662078857
33278,4.304628372192383
33335,4.110150337219238
33365,3.791011095046997
33399,4.12706184387207
33441,4.004931449890137
33502,4.059093475341797
33553,4.358741283416748
33594,4.229921340942383
33657,4.437599182128906
33688,4.169011116027832
33730,3.985900402069092
33768,4.230148792266846
33803,4.01621675491333
33845,4.313297748565674
33884,3.876511573791504
33918,4.083912372589111
33962,3.929152488708496
34008,4.050103187561035
34050,4.218137264251709
34120,4.080834865570068
34174,4.105002403259277
34207,4.123138427734375
34241,4.18800687789917
34316,4.482791900634766
34369,4.267240047454834
34428,4.104147911071777
34458,3.731279134750366
34504,3.9483160972595215
34537,4.163349151611328
34588,3.965819835662842
34636,3.931565284729004
34667,4.069169521331787
34709,4.206984043121338
34737,4.268272876739502
34792,3.6840038299560547
34841,4.011911869049072
34881,4.008883953094482
34922,4.113800525665283
34967,4.383077144622803
35010,3.817533493041992
35051,4.201015472412109
35091,4.050354957580566
35140,4.340263366699219
35191,4.082912445068359
35229,3.8930366039276123
35260,3.9656829833984375
35294,3.790327787399292
35325,4.312318801879883
35363,3.9379091262817383
35405,4.151505947113037
35457,3.6878342628479004
35489,4.241637229919434
35543,4.125210285186768
35583,4.1808319091796875
35618,4.1571784019470215
35666,3.9594945907592773
35697,3.828908920288086
35744,4.21528434753418
35779,3.8446478843688965
35819,4.238656044006348
35867,3.9806015491485596
35892,3.939366340637207
35946,4.361131191253662
35992,4.062131404876709
36019,4.083949565887451
36071,4.380483627319336
36092,4.2970123291015625
36156,4.245378494262695
36202,4.2934417724609375
36265,4.197455406188965
36313,3.908297300338745
36351,4.119499206542969
36406,3.8734683990478516
36463,3.932246685028076
36503,4.285000801086426
36535,3.846855401992798
36579,4.160758972167969
36601,3.982875347137451
36655,3.9672300815582275
36703,4.043381690979004
36749,4.048293113708496
36802,3.897613048553467
36835,3.689593553543091
36864,4.285623550415039
36887,3.9396262168884277
36934,3.968764305114746
36978,4.156540393829346
37028,3.9013211727142334
37061,3.8617005348205566
37104,3.8436245918273926
37150,3.8722643852233887
37197,4.0547661781311035
37234,3.8468620777130127
37289,3.8802084922790527
37330,3.9818665981292725
37373,3.807802677154541
37411,3.902160882949829
37452,4.004386901855469
37491,3.691981792449951
37530,3.672146797180176
37564,3.915695905685425
37611,3.785234212875366
37640,4.0717363357543945
37689,3.7519636154174805
37774,3.788691997528076
37833,3.8064680099487305
37868,4.016705513000488
37912,3.545499801635742
37960,4.005893707275391
37999,3.6666550636291504
38050,3.913455009460449
38099,3.8122568130493164
38130,4.14154577255249
38176,4.2487874031066895
38199,3.781393527984619
38235,3.7563962936401367
38293,3.7696404457092285
38332,4.054196357727051
38365,4.066320419311523
38391,3.810201406478882
38435,3.650287628173828
38484,4.198685646057129
38522,3.902169704437256
38558,3.623612880706787
38599,4.2961530685424805
38624,4.312426567077637
38682,4.083051681518555
38705,3.5466361045837402
38745,4.007297039031982
38789,3.4709160327911377
38837,3.7171754837036133
38883,4.010388374328613
38925,4.262490272521973
38951,4.022302627563477
38983,3.8017818927764893
39025,3.6763782501220703
39084,4.17017936706543
39138,3.990363121032715
39190,3.9821970462799072
39229,4.1385273933410645
39256,4.295572757720947
39314,3.748455047607422
39345,3.957312822341919
39378,3.96690034866333
39398,4.121250629425049
39438,3.7750191688537598
39478,3.960559844970703
39509,3.8044536113739014
39543,4.139105319976807
39573,3.5921759605407715
39598,4.307833671569824
39641,4.229681968688965
39681,4.16379976272583
39717,4.055142402648926
39763,4.112534046173096
39809,4.222880840301514
39844,4.1679887771606445
39914,3.821788787841797
39954,3.9943466186523438
39997,3.4640960693359375
40032,4.136625289916992
40067,4.280106067657471
40108,3.9442811012268066
40157,4.0807695388793945
40194,3.986283302307129
40253,4.118819713592529
40303,3.8126943111419678
40343,3.934842109680176
40387,3.908076763153076
40430,4.169863700866699
40467,4.120357036590576
40496,4.066972255706787
40530,3.8106179237365723
40592,3.8526668548583984
40630,4.021109580993652
40670,4.060796737670898
40727,3.9208950996398926
40757,4.390432357788086
40815,4.349559307098389
40849,4.328085422515869
40899,4.355914115905762
40925,3.556332588195801
40981,4.042418956756592
41058,3.748703956604004
41106,4.0428972244262695
41163,3.9325263500213623
41202,3.85736083984375
41221,3.825784683227539
41261,3.9366533756256104
41302,3.94681453704834
41335,4.399832725524902
41374,4.142834663391113
41412,4.064069747924805
41448,3.858710765838623
41504,4.252557754516602
41546,3.7753846645355225
41587,3.968226432800293
41640,3.9816794395446777
41687,4.396550178527832
41732,3.8452672958374023
41772,4.13664436340332
41793,3.94673490524292
41827,3.925809144973755
